mouse_id,Sample_ID,gastroc_sequenced,lung_sequenced,present_in_breathing_spreadsheet?,has_trait_data?,Issue?,possible_alias?,new_ID,solved?,population,family,acclimation,po2,temp,sex,acclim1,mass,vo2,vo2_mass,vco2,vco2_mass,tv_btps,tv_btps_mass,tv_stp,frequency,total_vent,total_vent_mass,total_vent_stp,total_vent_mass_stp,pulmonary_extraction,arterial_sat,hr,o2_pulse,venous_content,hb,ca02,av_diff,ox_extraction_ratio,co,co_mass,sv,sv_uL,sv_ul_g,o2_delivery,venous_sat,hct,mean_cell_hb,pco2,ph,bicarb_6.1,bicarb_6.08,glu,lac
LN.F1.113.2be,LN.F1.132.be,LN-F1-113-2be-gas_S1.fq.gz,,Missing,Missing,not_in_breathing_spreadsheet,,LN.F1.132.be,No; LN.F1.132.be already sequenced for gastrocs,LN,113,H,,,,,,,,,,,,,,,,,,,,,,,,,,,,,,,,,,,,,,,,,
LN.F1.113.aa,LN.F1.113.aa,LN-F1-113-aa-gas_S2.fq.gz,LN-F1-113-aa-lung_S48.fq.gz,X,X,,,,,LN,113,CH,hypox,cold,M,Cold hypoxia,27.6,4.297738248,0.155715154,3.163420819,0.114616696,7.021499395,0.007021499,6.375289198,546.0541495,105.8216811,3.83411888,96.08258614,3.481253121,0.368586135,,,,3.54,13.37,,,,,,,,,,26.47718773,0.681106767,0.050942915,40,7.55,0,0,8.9,2.4
LN.F1.113.ae,LN.F1.113.ae,LN-F1-113-ae-gas_S3.fq.gz,LN-F1-113-ae-lung_S49.fq.gz,X,X,,,,,LN,113,CH,hypox,cold,M,Cold hypoxia,19.8,4.297738248,0.217057487,3.163420819,0.159768728,15.34105107,0.015341051,13.82865832,447.0679465,135.7981456,6.858492201,122.4105276,6.182349879,0.289310974,87.74,669,0.006424123,2.544,22.56,27.51386016,24.96986016,0.907537511,17.21170331,0.869277945,0.001299369,25.72750868,1.299369125,23.91719182,11.27659574,0.715194261,0.031701873,32.6,7.33,16.60882292,17.39157263,9.8,3.1
LN.F1.113.ag,LN.F1.113.ag,LN-F1-113-ag-gas_S4.fq.gz,LN-F1-113-ag-lung_S50.fq.gz,X,X,,,,,LN,113,CH,hypox,cold,M,Cold hypoxia,26.23,5.04259211,0.216049362,3.715658885,0.159197039,6.978928077,0.006978928,6.215955973,472.8555064,79.86059459,3.30002457,71.12982603,2.939249009,0.538081205,,no pulse ox,,2.54,21.15,,,,,,,,,,,0.744889071,0.035219341,,7.3,,,7.3,2.9
LN.F1.113.ak,LN.F1.113.ak,LN-F1-113-ak-gas_S5.fq.gz,LN-F1-113-ak-lung_S51.fq.gz,X,X,listed_as_leucopus,,,yes; species updated,LN,113,N,norm,warm,F,Normoxia,15.92,2.663013568,0.167274722,1.923833261,0.120843798,12.92814778,0.012928148,11.67680436,356.9634085,73.4688211,4.614875697,66.35761482,4.168191886,0.33251825,,,,1.989808265,19.137,,,,,,,,,,10.39770217,0.415558501,0.021714924,41.5,7.27,18.41489943,0,8.7,5.1
LN.F1.113.al,LN.F1.113.al,,LN-F1-113-al-lung_S52.fq.gz,Missing,Missing,not_in_breathing_spreadsheet,,,not missing; kelsie missed,LN,113,N,norm,warm,F,Normoxia,24.4,2.962482054,0.121413199,2.199569844,0.090146305,14.50160423,0.014501604,13.47934882,347.6238836,123.0029372,5.041103983,114.3321435,4.685743586,0.21392604,90.93774834,415.9470199,0.000291896,2.2777,20.52,25.93799208,23.66029208,0.912186726,12.52090229,0.513151733,0.001233695,30.10215651,1.233694939,13.3101256,11.09990253,0.5215,0.02541423,41.9,7.22,16.5704872,17.35143021,7,7.4
LN.F1.113.am,LN.F1.113.am,LN-F1-113-am-gas_S6.fq.gz,LN-F1-113-am-lung_S53.fq.gz,X,X,,,,,LN,113,N,norm,warm,F,Normoxia,18,2.388394506,0.132688584,1.823744106,0.101319117,12.78314993,0.01278315,11.6330545,325.8852307,74.98511577,4.165839765,68.23873169,3.79104065,0.289180443,84.34539474,498.6118421,0.000266116,2.654,17.87,20.95080563,18.29680563,0.873322294,13.05361468,0.725200815,0.00145444,26.17991306,1.454439615,15.19354133,14.85170677,0.58594,0.032789032,52,7.168,18.2441905,19.10401271,7,9.6
LN.F1.113.b,LN.F1.113.b,LN-F1-113-b-gas_S7.fq.gz,LN-F1-113-b-lung_S54.fq.gz,X,X,,,,,LN,113,C,norm,cold,M,Cold,22.84,3.546817107,0.155289716,2.955012746,0.129378842,14.36890696,0.014368907,14.20839491,369.2091022,121.1691975,5.305131238,119.8156417,5.245868727,0.246685732,77.483,562.38,0.006306798,,14.069088,,,,,,,,,,,0.459537452,,,,,,,
LN.F1.113.h,LN.F1.113.h,LN-F1-113-h-gas_S8.fq.gz,,Missing,Missing,not_in_breathing_spreadsheet,,,yes; probably_have_no_real_data,LN,113,N,,,,,,,,,,,,,,,,,,,,,,,,,,,,,,,,,,,,,,,,,
LN.F1.113.p,LN.F1.113.p,LN-F1-113-p-gas_S9.fq.gz,LN-F1-113-p-lung_S55.fq.gz,X,X,,,,,LN,113,C,norm,cold,F,Cold,18.65,2.833138432,0.151910908,2.528712756,0.135587815,12.44540404,0.012445404,12.32004293,295.1510239,68.50655536,3.673273746,67.81649675,3.636273284,0.348137814,74.466,574.46,0.004931829,,9.064122,,,,,,,,,,,0.475746577,,,,,,,
LN.F1.113.z,LN.F1.113.z,,LN-F1-113-z-lung_S56.fq.gz,X,X,,,,,LN,113,CH,hypox,cold,M,Cold hypoxia,21.4,4.909916248,0.229435339,3.414633005,0.15956229,9.975614635,0.009975615,9.018683302,525.4527332,112.1726791,5.241713975,101.4122843,4.738891791,0.399678515,85.46,658,0.007461879,2.54,21.9,26.0148786,23.4748786,0.902363565,20.91561934,0.97736539,0.001485358,31.78665553,1.485357735,25.42604196,11.59817352,0.600057869,0.027399903,37.3,7.3,17.73495482,18.57077749,7.9,4
LN.F1.132.af,LN.F1.132.af,LN-F1-132-af-gas_S10.fq.gz,LN-F1-132-af-lung_S57.fq.gz,X,X,,,,,LN,132,C,norm,cold,M,Cold,18.44,2.867879446,0.155524916,2.399711003,0.130136172,13.33892273,0.013338923,13.19197919,376.5186074,92.61218212,5.02235261,91.59195265,4.967025632,0.260928987,71.52,468.49,0.006121538,,15.019398,,,,,,,,,,,0.466335759,,,,,,,
LN.F1.132.ai,LN.F1.132.ai,,LN-F1-132-ai-lung_S58.fq.gz,X,X,,,,,LN,132,CH,hypox,cold,F,Cold hypoxia,23.03,4.652854397,0.202,3.001487555,0.1303,,,,,,,,,,,,,1.67,22.492,,,,,,,,,,7.424862173,0.704574594,0.031325564,30.6,7.3,14.54931951,15.23500781,7.3,2.4
LN.F1.132.aj,LN.F1.132.aj,LN-F1-132-aj-gas_S11.fq.gz,LN-F1-132-aj-lung_S59.fq.gz,X,X,,,,,LN,132,CH,hypox,cold,F,Cold hypoxia,22.9,4.949612713,0.216140293,3.455848672,0.150910422,13.59249389,0.013592494,12.43492349,480.1804294,149.4648548,6.526849555,136.736058,5.971006899,0.297981742,83.99,568,0.008714107,2.71,20.09,23.45429149,20.74429149,0.884456113,23.86011938,1.04192661,0.001834378,42.00725242,1.834377835,24.43765043,13.48929816,0.665162975,0.033109158,37.6,7.35,20.05899175,21.0043429,12.8,2.7
LN.F1.132.aq.2,LN.F1.132.aq,LN-F1-132-aq-gas_S12.fq.gz,,Duplicated,X,present_twice_in_breathing_spreadsheet,,LN.F1.132.aq,yes; keeps name; other sample is AG,LN,132,N,norm,warm,M,Normoxia,23.6,3.280772451,0.139015782,2.343732739,0.099310709,12.19241721,0.012192417,11.1806476,379.1809548,109.1059246,4.623132398,100.0519317,4.239488632,0.270940043,81.93178808,487.6622517,0.000285066,,18.7,,,,,,,,,,,0.663589995,0.035486096,,,,,,
LN.F1.132.ar,LN.F1.132.ar,LN-F1-132-ar-gas_S13.fq.gz,LN-F1-132-ar-lung_S60.fq.gz,Duplicated,X,present_twice_in_breathing_spreadsheet,,LN.F1.132.ar,yes; keeps name; other sample is AX,LN,132,N,norm,warm,M,Normoxia,17.6,2.447667616,0.139072024,1.732184158,0.098419554,8.963349779,0.00896335,8.039961158,438.4730402,69.17129522,3.930187228,62.04538934,3.525306212,0.326288207,86.3239819,671.4751131,0.000207114,1.25,18.33,21.99422838,20.74422838,0.943166908,11.79927048,0.670413096,0.000998418,17.57216352,0.998418382,14.74521873,6.819421713,0.57466,0.031350791,,,,,6.7,8.1
LN.F1.132.as,LN.F1.132.as,LN-F1-132-as-gas_S14.fq.gz,,Possibly_duplicated,X,present_twice_in_breathing_spreadsheet,132.2as,LN.F1.132.as,yes; keeps name; other sample is AT,LN,132,N,norm,warm,M,Normoxia,23.24,3.178203149,0.136755729,2.006768526,0.086349764,12.86138681,0.012861387,11.54298183,353.3918416,105.6283371,4.545109169,94.80050589,4.079195606,0.277491398,,,,2.302,,,,,,,,,,,,0.6636,,50,7.32,24.89380361,26.06701243,9.7,5.9
LN.F1.132.at,LN.F1.132.2as,LN-F1-132-at-gas_S15.fq.gz,LN-F1-132-at-lung_S61.fq.gz,Missing,Missing,not_in_breathing_spreadsheet,,LN.F1.132.2as,yes; typo,LN,132,N,norm,warm,M,Normoxia,28.51,2.808894851,0.098523145,2.511504124,0.088092042,16.00923932,0.016009239,15.68662884,376.6912317,171.9306977,6.030540079,168.4660331,5.90901554,0.138944668,72.47852349,514.9489051,0.000191326,,16.444863,,,,,,,,,,,0.471221872,,,,,,,
LN.F1.132.aw,LN.F1.132.aw,LN-F1-132-aw-gas_S16.fq.gz,,X,X,,,,,LN,132,N,norm,warm,F,Normoxia,18.41,2.502634321,0.135938855,1.939683167,0.105360302,12.30338535,0.012303385,12.0373065,435.2109114,98.57758863,5.354567552,96.44570289,5.238767132,0.216238623,79.10366972,587.1559633,0.000231521,,14.924367,,,,,,,,,,,0.415033225,,,,,,,
LN.F1.132.ax,LN.F1.132.ax,LN-F1-132-ax-gas_S17.fq.gz,LN-F1-132-ax-lung_S62.fq.gz,X,X,,,,,LN,132,H,hypox,warm,F,Hypoxia,13.77,2.252668583,0.16359249,1.521519527,0.110495245,11.37685738,0.011376857,11.22326133,375.645828,58.84842226,4.27366901,58.05392471,4.215971293,0.323358641,77.86515152,376.87,0.005977309,,18.13,,,,,,,,,,,0.4529,,,,,,,
LN.F1.132.ay,LN.F1.132.2ay,LN-F1-132-ay-gas_S18.fq.gz,LN-F1-132-ay-lung_S63.fq.gz,Missing,Missing,not_in_breathing_spreadsheet,LN.F1.132.2ay,LN.F1.132.2ay,yes; typo,LN,132,H,hypox,warm,F,Hypoxia,21.45,3.706102112,0.172778653,2.594628385,0.120961696,12.85606463,0.012856065,12.64092775,475.5434897,131.1371026,6.113617839,128.9426187,6.011310894,0.239518823,83.52272727,501.31,0.007392835,,18.44,,,,,,,,,,,0.4721,,,,,,,
LN.F1.132.ba,LN.F1.132.ba,LN-F1-132-ba-gas_S19.fq.gz,LN-F1-132-ba-lung_S64.fq.gz,X,X,,,,,LN,132,C,norm,cold,F,Cold,22.85,3.562137812,0.155892246,2.804975366,0.122756034,10.91267091,0.010912671,10.77937228,355.174942,88.56448081,3.875907256,87.48266284,3.828562925,0.339318452,76.98133333,588.85,0.006049313,,16.254801,,,,,,,,,,,0.4584183,,,,,,,
LN.F1.132.bc,LN.F1.132.bc,LN-F1-132-bc-gas_S20.fq.gz,LN-F1-132-bc-lung_S65.fq.gz,X,X,,,,,LN,132,C,norm,cold,M,Cold,21.81,3.825882597,0.175418734,2.701376424,0.123859533,16.6176299,0.01661763,16.55921447,345.0340391,125.0508621,5.733647966,124.6112747,5.713492652,0.255854497,76.563,558.15,0.006854578,,16.920018,,,,,,,,,,,0.462950747,,,,,,,
LN.F1.132.be.2,LN.F1.132.be,LN-F1-132-be-gas_S21.fq.gz,,Duplicated,X,present_twice_in_breathing_spreadsheet,,LN.F1.132.be,No; LN.F1.132.be already sequenced for gastrocs,LN,132,H,,,,,,,,,,,,,,,,,,,,,,,,,,,,,,,,,,,,,,,,,
LN.F1.132.bh,LN.F1.132.bh,LN-F1-132-bh-gas_S22.fq.gz,,X,X,,,,,LN,132,H,hypox,warm,F,Hypoxia,21.18,3.360385289,0.158658418,2.259692307,0.106689911,11.81507524,0.011815075,11.63332373,433.7046682,108.5316846,5.124253287,106.8621398,5.045426806,0.262049879,75.546,409.64,0.008203265,,17.078403,,,,,,,,,,,0.457864451,,,,,,,
LN.F1.132.t,LN.F1.132.t,LN-F1-132-t-gas_S23.fq.gz,,Missing,Missing,not_in_breathing_spreadsheet,,,yes; probably_have_no_real_data,LN,132,N,,,,,,,,,,,,,,,,,,,,,,,,,,,,,,,,,,,,,,,,,
ME.F1.134.a,ME.F1.134.a,ME-F1-134-a-gas_S24.fq.gz,,X,X,,,,,ME,134,C,norm,cold,M,Cold,20.1,3.4088226,0.169593164,2.153135787,0.107121183,22.66654706,0.022666547,21.01700653,301.4596094,137.3442733,6.833048422,127.3491494,6.335778579,0.220531726,94.84078947,431.2189781,0.007905085,1.366,14.193,18.71044702,17.34444702,0.926992658,19.6536828,0.977795164,0.002267514,45.5770358,2.267514219,18.29498461,9.624462763,0.4475,0.031529627,57.8,7.4,34.59784854,36.22839491,,2
ME.F1.134.b,ME.F1.134.b,ME-F1-134-b-gas_S25.fq.gz,,X,X,,,,,ME,134,C,norm,cold,M,Cold,22,2.78532629,0.12660574,2.361021139,0.107319143,11.16523955,0.01116524,10.30578722,508.8058163,124.9806541,5.680938825,115.3601786,5.243644482,0.199195848,78.65921053,437.9671053,0.00635967,1.942,19.789,21.63656093,19.69456093,0.910244516,14.14261684,0.64284622,0.001467796,32.2915047,1.467795668,13.9089814,9.813532771,0.449375,0.022708323,50,7.2,,,6.3,3.3
ME.F1.136.h,ME.F1.136.h,ME-F1-136-h-gas_S26.fq.gz,ME-F1-136-h-lung_S66.fq.gz,X,X,,,,,ME,136,CH,hypox,cold,F,Cold hypoxia,20.7,3.813458371,0.184225042,2.315253218,0.111847982,19.34305751,0.019343058,17.44629519,533.3184104,213.5413798,10.31600868,192.6017097,9.304430419,0.162441699,91.24635762,434.5510204,0.008775629,3.88,14.82,18.79656718,14.91656718,0.793579329,25.56525457,1.235036452,0.002842098,58.83142224,2.842097693,23.21444564,26.18083671,0.54631681,0.036863482,34,7.197,12.75264211,13.35365561,6.2,4.2
ME.F1.136.i,ME.F1.136.i,ME-F1-136-i-gas_S27.fq.gz,ME-F1-136-i-lung_S67.fq.gz,X,X,,,,,ME,136,CH,hypox,cold,F,Cold hypoxia,21.4,3.599225115,0.168188089,2.236947244,0.104530245,20.60347622,0.020603476,18.73728399,422.8203688,186.4275855,8.711569414,169.5416139,7.922505325,0.174336524,97.28684211,368.2945736,0.00977268,2,12.926,17.47966312,15.47966312,0.885581319,23.25131424,1.086510011,0.002950111,63.13238342,2.950111375,18.99182897,15.4726907,0.433755304,0.033556808,,,,,7.9,4
ME.F1.136.j,ME.F1.136.j,ME-F1-136-j-gas_S28.fq.gz,ME-F1-136-j-lung_S68.fq.gz,X,X,,,,,ME,136,CH,hypox,cold,F,Cold hypoxia,20.8,4.212746587,0.202535894,2.875514253,0.138245878,21.07372054,0.021073721,18.88913563,427.3244159,187.3105586,9.00531532,167.893208,8.071788848,0.206101227,91.7589404,559.9139073,0.007523918,1.032,11.0579,14.1037905,13.0717905,0.926828181,32.22777008,1.549412023,0.002767233,57.55843829,2.76723261,21.85258257,9.332694273,0.262088088,0.023701434,44,7.3,20.92059014,21.90654718,7.3,9.3
ME.F1.139.af,ME.F1.139.af,ME-F1-139-af-gas_S29.fq.gz,ME-F1-139-af-lung_S69.fq.gz,X,X,,,,,ME,139,C,norm,cold,F,Cold,21.7,3.359366084,0.154809497,1.845711568,0.085055833,7.780638242,0.007780638,7.123446442,411.682101,69.50834411,3.203149498,63.63732013,2.932595398,0.435325474,87.09659864,368.96875,0.009104744,2.395,16.558,20.04582218,17.65082218,0.880523733,19.03234904,0.877066776,0.002377076,51.58255011,2.377076042,17.58152462,14.46430728,0.443427989,0.026780287,35,7.49,25.77444361,26.98915572,9.6,1.7
ME.F1.139.ag,ME.F1.139.ag,ME-F1-139-ag-gas_S30.fq.gz,ME-F1-139-ag-lung_S70.fq.gz,X,X,,,,,ME,139,C,norm,cold,F,Cold,17.3,4.193602931,0.242404794,2.525382203,0.14597585,11.14105067,0.011141051,10.12437021,432.6687647,83.39265409,4.82038463,75.78262839,4.380498751,0.456323383,81.21644737,482.7565789,0.008686786,,,,,,,,,,,,,0.472126418,,,,,,4.1,3.4
ME.F1.140.af,ME.F1.140.af,,ME-F1-140-af-lung_S71.fq.gz,X,X,,,,,ME,140,C,norm,cold,M,Cold,20.21,4.586071939,0.226920927,2.922070425,0.144585375,9.271197376,0.009271197,8.378152442,490.2139374,91.85182613,4.54487017,83.00423022,4.107087097,0.455787572,,,,3.098306815,16.698,,,,,,,,,,18.55495757,0.465407872,0.027872073,42.3,7.56,36.59835977,38.32318733,16,2.3
ME.F1.140.ag,ME.F1.140.ag,,ME-F1-140-ag-lung_S72.fq.gz,X,X,,,,,ME,140,C,norm,cold,M,Cold,17.93,3.598357905,0.200689231,2.219359445,0.12377911,16.62142892,0.016621429,15.3281692,338.4767735,100.8735996,5.625967631,93.02495056,5.188229256,0.318429143,92.97,381.7333333,0.009426365,3.13,22.153,28.6279453,25.4979453,0.890666271,14.11234459,0.787080011,0.002061858,36.96911787,2.061858219,22.53248349,14.12901187,0.451215345,0.020368137,,,,,3.8,3.1
ME.F1.141.as,ME.F1.141.as,,ME-F1-141-as-lung_S73.fq.gz,X,X,,,,,ME,141,N,norm,warm,F,Normoxia,19.7,2.722691323,0.138207681,1.981935144,0.100605845,8.813403718,0.008813404,7.84100265,423.4261463,73.51696378,3.731825572,65.40568505,3.320085535,0.348856677,87.51589404,664.589404,0.004096802,1.527,16.27,19.79198198,18.26498198,0.922847545,14.90661926,0.756681181,0.001138569,22.42981783,1.138569433,14.9762203,9.38537185,0.409679059,0.025180028,44.2,7.37,24.69127543,25.85493939,10,5.9
ME.F1.141.at,ME.F1.141.at,ME-F1-141-at-gas_S31.fq.gz,ME-F1-141-at-lung_S74.fq.gz,X,X,,,,,ME,141,N,norm,warm,F,Normoxia,19.24,2.63518678,0.13696397,1.872415935,0.097318916,14.32158825,0.014321588,12.9796255,293.1392971,80.77375883,4.198220313,73.20508881,3.804838296,0.297334232,91.54,506.2432432,0.005205377,1.955,14.73,18.74254038,16.78754038,0.895691835,15.69727739,0.815866808,0.00161161,31.00738153,1.611610267,15.2914166,13.27223354,0.366297243,0.02486743,37.9,,,,7,5.7
ME.F1.141.q,ME.F1.141.q,ME-F1-141-q-gas_S32.fq.gz,ME-F1-141-q-lung_S75.fq.gz,X,X,,,,,ME,141,H,hypox,warm,F,Hypoxia,19.68,4.331306653,0.22008672,2.924860189,0.148620945,10.8079155,0.010807916,9.771291687,450.9098971,95.9084346,4.873396067,86.70953151,4.405972129,0.412285554,,,,3.82,19,,,,,,,,,,,0.593141278,0.031217962,,,,,8.5,6.2
ME.F1.141.r,ME.F1.141.r,ME-F1-141-r-gas_S33.fq.gz,ME-F1-141-r-lung_S76.fq.gz,X,X,,,,,ME,141,H,hypox,warm,F,Hypoxia,19.08,4.654528606,0.24394804,3.325889668,0.174312876,11.28602579,0.011286026,10.08179331,512.8427949,110.4342198,5.787957012,98.65075609,5.170375057,0.388902353,95.99933775,636.0662252,0.007317679,3.283242176,19.61,26.16740348,22.88416131,0.87452931,20.33952017,1.066012588,0.001675946,31.97704794,1.675945909,27.8947815,16.7426934,0.653703875,0.033335231,40,7.32,19.91504289,20.85360994,10.2,4.2
ME.F1.141.t,ME.F1.141.t,ME-F1-141-t-gas_S34.fq.gz,ME-F1-141-t-lung_S77.fq.gz,X,X,,,,,ME,141,N,norm,warm,F,Normoxia,,,,,,,,,,,,,,,,,,2.020449202,17.62,,,,,,,,,,,0.433947685,0.024628132,41.8,7.265,18.33570177,19.19983677,7,8.6
ME.F1.141.u,ME.F1.141.u,ME-F1-141-u-gas_S35.fq.gz,ME-F1-141-u-lung_S78.fq.gz,X,X,,,,,ME,141,CH,hypox,cold,M,Cold hypoxia,24.8,6.27,0.252822581,4.79,0.1932,,,,,,,,,,,,,1.293,18.275,,,,,,,,,,7.075239398,0.470750936,0.025759285,25,7.35,13.33709558,13.96565352,15.4,3.3
ME.F1.141.w,ME.F1.141.w,ME-F1-141-w-gas_S36.fq.gz,ME-F1-141-w-lung_S79.fq.gz,X,X,,,,,ME,141,CH,hypox,cold,M,Cold hypoxia,18.6,5.220086139,0.280649792,4.108188277,0.220870337,10.81918739,0.010819187,9.534653387,597.7122626,120.2817541,4.850070732,106.001014,5.698979249,0.40559167,,,,1.632,14.63,,,,,,,,,,11.15516063,0.332990684,,,,,,14.7,7.6
ME.F1.144.u,ME.F1.144.3U,ME-F1-144-u-gas_S37.fq.gz,ME-F1-144-u-lung_S80.fq.gz,Missing,Missing,not_in_breathing_spreadsheet,ME.F1.144.V or ME.F1.144.3U,ME.F1.144.3U,yes; typo,ME,144,CH,hypox,cold,M,Cold hypoxia,18.7,3.579785035,0.191432355,2.436368902,0.130287107,11.25030457,0.011250305,10.02503465,443.6395092,93.33318844,4.991079596,83.16827717,4.447501453,0.353679247,91.31134752,560.7142857,0.00638433,1.399,11.23,14.25342741,12.85442741,0.901848169,27.84865416,1.489232843,0.002655957,49.66638958,2.655956662,21.22667223,12.45770258,0.358953658,0.031963816,25,7.35,13.33709558,13.96565352,6.7,3.9
ME.F1.145.ad,ME.F1.145.ad,ME-F1-145-ad-gas_S38.fq.gz,ME-F1-145-ad-lung_S81.fq.gz,X,X,,,,,ME,145,C,norm,cold,F,Cold,20.92,4.293481204,0.205233327,2.763173964,0.132082885,7.924626544,0.007924627,4.783044819,436.6463819,72.38862892,3.460259509,43.69140358,2.088499215,0.812259267,88.39692308,569.8333333,0.007534626,1.5,12.324,15.14271115,13.64271115,0.900942441,31.47087963,1.50434415,0.002639972,55.22821812,2.639972185,22.77984894,12.17137293,0.401295585,0.032562121,41.6,7.39,24.3340606,25.48088955,8.3,1.8
ME.F1.145.d,ME.F1.145.d,ME-F1-145-d-gas_S39.fq.gz,ME-F1-145-d-lung_S82.fq.gz,X,X,,,,,ME,145,N,norm,warm,F,Normoxia,20.5,2.873869321,0.140188747,1.744298549,0.085087734,14.15262257,0.014152623,12.85632725,288.0207599,83.5631067,4.076249107,75.90922743,3.702889143,0.315490307,82.60469799,442.1008403,0.006500484,3.214139873,17.249,19.80539325,16.59125338,0.837713908,17.32159262,0.844955737,0.001911229,39.18018478,1.911228526,16.73468066,18.63377513,0.414220711,0.024014187,40.4,7.49,29.75107206,31.15319689,7.5,3.7
ME.F1.145.g,ME.F1.145.2G,ME-F1-145-g-gas_S40.fq.gz,ME-F1-145-g-lung_S83.fq.gz,Missing,Missing,not_in_breathing_spreadsheet,,ME.F1.145.2G,yes; typo,ME,145,N,norm,warm,M,Normoxia,21.5,2.76956222,0.128816847,0.005473013,0.000254559,13.68808454,0.013688085,10.82470274,371.0727723,109.2044228,5.079275478,86.36017776,4.016752454,0.266851067,,,,,,,,,,,,,,,,,,,,,,,
ME.F1.145.i,ME.F1.145.i,ME-F1-145-i-gas_S41.fq.gz,ME-F1-145-i-lung_S84.fq.gz,X,X,,,,,ME,145,C,norm,cold,M,Cold,23.2,2.78532629,0.12660574,2.361021139,0.107319143,20.38869763,0.020388698,19.70068831,349.9906568,165.5518052,7.135853674,159.9653187,6.895056842,0.233159402,84.61315789,490.3026316,0.005680831,2.13,12.54,,,,,,,,,,,0.39,,,,,,9.9,2.1
ME.F1.145.w,ME.F1.145.w,ME-F1-145-w-gas_S42.fq.gz,ME-F1-145-w-lung_S85.fq.gz,X,X,,,,,ME,145,H,hypox,warm,F,Hypoxia,21.93,3.948871814,0.180067114,2.916623862,0.132996984,13.0171024,0.013017102,11.85420603,402.0839379,114.7809137,5.233967793,104.5268415,4.766385842,0.311498503,,,,4.14,20.71,,,,,,,,,,19.99034283,0.683067139,,40.8,7.1,12.24,12.81685343,8.5,4.8
ME.F1.146.aa,ME.F1.146.aa,ME-F1-146-aa-gas_S43.fq.gz,ME-F1-146-aa-lung_S86.fq.gz,X,X,,,,,ME,146,H,hypox,warm,F,Hypoxia,15.87,3.251760847,0.204899864,2.440069035,0.153753562,12.96960929,0.012969609,11.69250889,444.790658,91.55023791,5.768761053,82.53540615,5.200718724,0.326184995,,,,2.272,18.38,,,,,,,,,,12.36126224,0.526928184,,38.4,7.11,11.78833527,12.3439024,,
ME.F1.146.ab,ME.F1.146.ab,ME-F1-146-ab-gas_S44.fq.gz,ME-F1-146-ab-lung_S87.fq.gz,X,X,,,,,ME,146,H,hypox,warm,F,Hypoxia,14.46,3.686790091,0.254964737,2.605766661,0.180205163,16.20377352,0.016203774,14.67703429,541.8280166,126.9538615,8.77965847,114.9921143,7.952428378,0.264588393,88.70662252,630.2913907,0.005849342,3.128620088,17.28,21.30662108,18.17800099,0.853162072,20.28160354,1.402600521,0.002225321,32.1781383,2.225320767,29.88467783,18.10544032,0.540871466,0.031300432,37.84285714,7.151666667,12.78709347,13.38973062,6.3,5.4
ME.F1.146.ac,ME.F1.146.ac,ME-F1-146-ac-gas_S45.fq.gz,ME-F1-146-ac-lung_S88.fq.gz,X,X,,,,,ME,146,H,hypox,warm,F,Hypoxia,16.2,3.957078607,0.244264112,2.871686343,0.177264589,11.85081036,0.01185081,10.66924022,577.9314314,110.9530839,6.848955793,99.89064617,6.16608927,0.326933925,76.31721854,688.2582781,0.005749409,2.075,18.23,19.33855423,17.26355423,0.892701389,22.92157544,1.414912064,0.002055786,33.30374101,2.055786482,27.36235369,11.38233681,0.628012112,0.034449375,,,,,,
ME.F1.146.be,ME.F1.146.be,ME-F1-146-be-gas_S46.fq.gz,ME-F1-146-be-lung_S89.fq.gz,X,X,,,,,ME,146,N,norm,warm,F,Normoxia,14.3,1.909197024,0.133510281,1.455284869,0.101768173,12.48453873,0.012484539,11.29995116,423.2553746,75.56331806,5.284148116,68.3935404,4.782765063,0.232766673,85.46887417,513.3708609,0.003718943,3.126481512,18.646,22.15177153,19.02529001,0.858860881,10.0350482,0.701751623,0.001366949,19.54736618,1.366948684,15.54504161,16.7675722,0.424955552,0.022790709,43,7.31,20.92135026,21.90734312,4.8,11
ME.F1.146.bf,ME.F1.146.bf,ME-F1-146-bf-gas_S47.fq.gz,,X,X,,,,,ME,146,N,norm,warm,F,Normoxia,17.2,3.163765357,0.183939846,2.058165811,0.119660803,15.39699712,0.015396997,14.01919306,364.3795368,96.49803167,5.610350679,87.86288164,5.108307072,0.296370012,89.62317881,528.4172185,0.005987249,1.799303182,16.238,20.22868637,18.42938318,0.911051902,17.16696281,0.998079233,0.001888809,32.48751593,1.888809066,20.18983177,11.08081773,0.39791911,0.024505426,42.4,7.36,23.14659492,24.23746033,7.2,9.9